City,Cloudiness,Country,Date,Humidity,Lat,Lng,Max Temp,Wind Speed
ambulu,24,ID,1579758150,75,-8.35,113.61,301.48,3.75
ushuaia,40,AR,1579758150,87,-54.8,-68.3,281.15,2.6
east london,20,IS,1579758150,66,65.0,-15.0,273.15,9.3
cidreira,93,BR,1579758150,76,-30.18,-50.21,295.54,4.77
mataura,35,NZ,1579758151,78,-46.19,168.86,289.82,5.36
atuona,42,PF,1579758151,74,-9.8,-139.03,300.27,5.55
rikitea,6,PF,1579758151,76,-23.12,-134.97,299.6,6.03
longyearbyen,42,SJ,1579758151,60,78.22,15.64,259.15,11.3
qui nhon,75,BR,1579758152,83,-10.97,-37.6,298.15,1.5
west odessa,90,US,1579758152,100,31.8,-97.09,282.59,3.93
tiksi,40,RU,1579758153,86,71.69,128.87,239.68,1.79
chiredzi,34,ZW,1579758154,54,-21.05,31.67,298.26,1.04
georgetown,20,MY,1579758154,62,5.41,100.34,305.15,3.1
san patricio,100,ML,1579758154,22,13.3,-4.9,297.77,3.93
butaritari,72,KI,1579758154,64,3.07,172.79,302.62,1.91
busselton,56,AU,1579758154,24,-33.65,115.33,302.04,4.78
alofi,57,NU,1579758155,65,-19.06,-169.92,301.15,5.7
yar-sale,100,RU,1579758155,93,66.83,70.83,259.69,6.57
phan rang,2,TH,1579758155,50,19.55,99.74,299.15,1.5
gualaquiza,96,EC,1579758156,98,-3.4,-78.55,289.49,0.35
teahupoo,20,PF,1579758156,74,-17.83,-149.27,302.15,5.1
lebu,34,CL,1579758156,99,-37.62,-73.65,283.34,0.99
yellowknife,90,CA,1579758157,84,62.46,-114.35,258.71,4.1
sao filipe,70,IN,1579758157,39,20.51,76.21,299.26,1.66
bredasdorp,64,ZA,1579758157,93,-34.53,20.04,289.15,1.0
bonthe,98,SL,1579758157,84,7.53,-12.51,298.72,2.35
warmbad,0,NA,1579758157,54,-28.45,18.73,290.8,3.22
samarai,66,PG,1579758158,80,-10.62,150.67,301.41,1.77
ponta do sol,4,PT,1579758158,80,38.73,-28.27,284.69,4.38
san francisco menendez,100,ML,1579758158,22,13.3,-4.9,297.77,3.93
pinega,64,RU,1579758158,94,64.7,43.39,265.21,3.29
hope,90,US,1579757944,100,33.67,-93.59,275.93,2.1
cape town,21,CL,1579758159,93,-36.41,-71.9,288.15,2.1
bluff,42,NZ,1579758159,78,-46.6,168.33,289.82,5.36
dikson,100,RU,1579758160,96,73.51,80.55,248.32,7.23
jamestown,1,US,1579758160,62,42.1,-79.24,273.15,3.1
vila franca do campo,61,PT,1579758160,66,42.03,-8.16,283.71,3.6
mitsamiouli,75,KM,1579758161,94,-11.38,43.28,298.15,4.6
tiarei,20,PF,1579758161,74,-17.53,-149.33,302.15,5.1
kirkuk,77,IQ,1579758162,86,35.47,44.39,279.13,4.55
tuktoyaktuk,90,CA,1579758162,75,69.45,-133.04,248.15,4.1
airai,94,TL,1579758162,73,-8.93,125.41,299.27,1.07
vao,0,NC,1579758162,73,-22.67,167.48,298.33,7.46
punta arenas,55,PH,1579758163,65,8.99,125.34,302.39,2.38
kochubey,100,RU,1579758163,67,44.39,46.58,278.23,3.81
qaanaaq,55,GL,1579758163,54,77.48,-69.36,251.51,1.73
townsville,75,AU,1579758124,74,-19.25,146.8,303.15,6.7
smithers,90,CA,1579758164,100,54.78,-127.17,272.15,2.1
norman wells,90,US,1579758002,100,35.22,-97.44,277.59,3.1
wajima,75,JP,1579758164,93,37.4,136.9,282.15,1.5
victoria,40,HK,1579758125,73,22.29,114.16,299.82,3.6
kavieng,0,PG,1579758166,78,-2.57,150.8,301.63,5.72
kyren,46,RU,1579758166,70,51.68,102.14,257.69,2.2
karasjok,75,NO,1579758166,92,69.47,25.51,263.15,2.6
tigre,0,AR,1579758167,83,-34.43,-58.58,298.71,4.1
kaitangata,19,NZ,1579758167,90,-46.28,169.85,286.64,2.17
hermanus,24,ZA,1579758167,53,-34.42,19.23,295.37,4.92
albany,40,US,1579758002,67,42.6,-73.97,268.15,0.79
bethel,1,US,1579758168,78,41.37,-73.41,270.93,0.7
hobart,40,AU,1579758005,46,-42.88,147.33,294.15,6.7
nouakchott,100,MR,1579758169,59,18.09,-15.98,289.15,3.6
kandri,0,IN,1579758169,73,21.42,79.27,295.15,2.6
avarua,100,CK,1579758169,83,-21.21,-159.78,300.15,2.6
pallapatti,40,IN,1579758169,69,11.66,78.13,301.15,2.6
mahebourg,75,MU,1579758169,94,-20.41,57.7,301.48,1.5
barrow,40,US,1579758170,76,71.29,-156.79,250.15,4.1
sao raimundo nonato,70,IN,1579758170,39,20.51,76.21,299.26,1.66
mys shmidta,97,RU,1579758170,91,62.06,48.62,264.86,3.96
vaitape,40,PF,1579758171,75,-16.52,-151.75,301.15,4.84
balugaon,86,IN,1579758172,41,20.17,85.1,302.0,1.61
smidovich,100,RU,1579758172,93,48.6,133.82,256.45,1.47
sorland,90,NO,1579758172,96,67.67,12.69,274.15,6.7
mareeba,95,AU,1579758172,74,-17.0,145.43,304.15,3.6
laguna,1,US,1579758075,87,38.42,-121.42,283.15,2.6
hilo,1,US,1579758173,68,19.73,-155.09,295.15,1.5
tarko-sale,100,RU,1579758173,87,64.92,77.78,260.37,8.52
lompoc,20,US,1579758174,100,34.64,-120.46,286.48,2.6
marfino,40,RU,1579758174,68,55.7,37.38,270.37,6.0
dunedin,33,NZ,1579758174,73,-45.87,170.5,290.37,3.58
victor harbor,1,US,1579758174,79,42.98,-77.41,271.48,2.58
yelovo,100,RU,1579758174,96,57.05,54.92,268.45,3.6
dingzhou,0,CN,1579757883,52,38.51,115.0,278.15,1.0
ngaoundere,65,CM,1579758175,28,7.32,13.58,287.26,2.41
ixtapa,40,MX,1579758176,83,20.7,-105.2,297.04,1.0
beringovskiy,37,RU,1579758176,94,63.05,179.32,250.14,2.79
grootfontein,88,NA,1579758178,56,-19.57,18.12,296.13,0.84
sosnovo-ozerskoye,0,RU,1579758178,81,52.52,111.54,251.67,4.76
saldanha,2,ZA,1579757905,72,-33.01,17.94,290.15,1.0
hovd,100,MN,1579758179,49,48.01,91.64,262.98,1.11
vaini,75,TO,1579758179,83,-21.2,-175.2,300.15,4.1
hays,90,US,1579758179,100,30.05,-98.03,287.15,2.6
moussoro,0,TD,1579758179,20,13.64,16.49,288.84,6.96
odweyne,2,SO,1579758180,31,9.41,45.06,294.76,1.15
castro,100,BR,1579758181,99,-24.79,-50.01,287.5,2.54
patos,99,BR,1579758181,78,-7.02,-37.28,298.19,3.79
hasaki,75,JP,1579758181,100,35.73,140.83,280.37,1.0
codrington,18,AU,1579758183,62,-38.27,141.97,288.62,14.21
yanam,20,IN,1579758183,69,16.73,82.22,299.15,2.59
takaka,0,NZ,1579758183,81,-40.85,172.8,294.26,3.58
pevek,100,RU,1579758183,100,69.7,170.31,243.9,2.17
rio gallegos,20,GR,1579758184,100,38.3,21.78,276.15,2.16
hinton,32,CA,1579758184,88,53.4,-117.59,264.27,3.42
hithadhoo,32,MV,1579758184,80,-0.6,73.08,302.02,7.13
teya,13,RU,1579758184,93,60.38,92.63,256.08,2.58
grindavik,75,IS,1579758184,80,63.84,-22.43,272.15,18.5
port alfred,100,CD,1579758185,68,-7.03,29.76,298.42,2.69
maceio,75,BR,1579758186,94,-9.67,-35.74,298.15,1.0
lavrentiya,99,RU,1579758186,83,65.58,-171.0,248.88,2.69
touros,75,BR,1579758187,88,-5.2,-35.46,299.15,1.5
new norfolk,40,LR,1579758187,94,6.65,-10.59,296.15,2.1
fortuna,90,US,1579758187,76,40.6,-124.16,286.48,2.1
padang,56,ID,1579758187,79,-0.95,100.35,299.99,0.19
uvarovka,100,RU,1579758188,75,55.53,35.61,268.31,6.56
cabo san lucas,75,BR,1579758188,78,-8.28,-35.03,301.15,2.1
bowen,90,AU,1579758188,78,-20.02,148.23,304.82,1.5
torbay,90,CA,1579758188,85,47.67,-52.73,269.82,4.6
svetlyy,20,RU,1579758188,74,54.67,20.13,276.15,4.0
pangnirtung,86,CA,1579758189,87,66.15,-65.71,240.93,0.83
santa cruz,0,PH,1579758189,55,17.49,120.43,300.39,3.45
balkhash,40,KZ,1579758190,92,46.84,74.98,268.15,6.0
thinadhoo,41,MV,1579758190,82,0.53,72.93,301.95,9.25
luderitz,0,NA,1579758190,88,-26.65,15.16,290.15,1.0
kaeo,0,NZ,1579758190,64,-35.1,173.78,297.59,2.24
bandarbeyla,80,SO,1579758191,82,9.49,50.81,298.78,7.06
ursulo galvan,100,PE,1579758191,92,-14.64,-74.2,276.61,0.6
lagoa,42,PT,1579758191,69,39.05,-27.98,287.5,5.45
nikolskoye,23,RU,1579758191,63,59.7,30.79,270.93,9.0
bambous virieux,75,MU,1579758191,94,-20.26,57.41,301.48,1.5
guerrero negro,45,MX,1579758193,96,17.67,-100.0,285.72,0.44
lhokseumawe,40,ID,1579758143,58,5.18,97.15,302.35,2.24
sur,34,OM,1579758193,62,22.57,59.53,294.93,4.06
saint-philippe,90,RE,1579758193,88,-21.36,55.77,301.15,4.71
camacha,40,PT,1579758194,77,33.08,-16.33,288.15,5.1
chandigarh,0,IN,1579757865,53,30.73,76.79,288.54,7.18
russell,1,US,1579758195,33,32.35,-85.2,281.48,2.1
puerto lopez,40,ES,1579758195,93,36.59,-6.23,284.15,4.1
carnarvon,0,AU,1579758195,58,-24.87,113.63,302.15,10.3
nome,90,US,1579758195,84,64.5,-165.41,259.15,5.1
zapolyarnyy,20,RU,1579758195,78,69.42,30.81,265.15,9.3
komsomolskiy,1,UZ,1579758196,68,40.43,71.72,273.15,2.1
mar del plata,20,ES,1579758196,100,43.4,-4.01,280.93,2.1
salalah,75,OM,1579758196,61,17.02,54.09,298.15,2.6
ilulissat,100,GL,1579758197,71,69.22,-51.1,259.15,4.1
auki,6,SB,1579758197,72,-8.77,160.7,302.26,4.21
grand river south east,90,US,1579758197,100,38.88,-109.5,273.15,2.1
kruisfontein,63,ZA,1579758197,80,-34.0,24.73,290.83,4.43
inhambane,40,MZ,1579758198,78,-23.86,35.38,298.15,2.1
vanimo,95,PG,1579758198,75,-2.67,141.3,301.59,5.21
carauari,95,BR,1579758198,98,-4.88,-66.9,296.67,0.84
saint-pierre,90,RE,1579758198,88,-21.34,55.48,301.15,3.21
khatanga,94,RU,1579758198,86,71.97,102.5,237.98,4.11
ancud,0,CL,1579758199,82,-41.87,-73.82,287.15,4.6
cherskiy,100,RU,1579758199,98,68.75,161.3,236.71,2.02
zenzeli,100,RU,1579758199,84,45.92,47.05,276.65,8.75
arraial do cabo,100,BR,1579758200,82,-22.84,-46.65,293.15,3.1
ola,0,RU,1579758201,69,59.58,151.28,246.23,2.71
lagunas,23,PE,1579758201,86,-5.23,-75.68,297.81,0.97
torit,79,SS,1579758202,17,4.41,32.57,298.54,1.45
sambava,100,MG,1579758202,87,-14.27,50.17,299.71,0.69
maragogi,100,BR,1579758202,82,-9.01,-35.22,300.69,6.46
nanortalik,100,GL,1579758202,81,60.14,-45.24,268.67,8.46
aksarka,100,RU,1579758202,95,66.56,67.8,259.59,3.04
dalbandin,19,PK,1579758203,43,28.89,64.41,285.96,1.85
meulaboh,59,ID,1579758203,72,4.14,96.13,301.2,1.94
isangel,75,VU,1579758203,83,-19.55,169.27,300.15,7.36
fairbanks,75,US,1579758028,69,64.84,-147.72,250.93,0.27
nguruka,100,TZ,1579758204,95,-5.11,31.04,292.96,1.04
ulaangom,100,MN,1579758204,88,49.98,92.07,256.12,0.33
lazaro cardenas,96,DO,1579758205,91,19.46,-71.33,293.71,1.34
kapaa,1,US,1579758205,78,22.08,-159.32,296.15,2.6
tasiilaq,0,GL,1579758205,61,65.61,-37.64,265.15,14.9
chuy,2,UY,1579758205,88,-33.7,-53.46,292.84,3.23
plouzane,7,FR,1579758206,86,48.38,-4.62,277.15,7.7
beyla,95,GN,1579758206,61,8.68,-8.63,295.16,1.35
awbari,7,LY,1579758206,43,26.59,12.78,281.68,4.9
warrington,90,GB,1579758206,100,53.39,-2.58,280.15,1.5
palauig,2,PH,1579758207,62,15.44,119.9,299.02,3.72
harper,100,LR,1579758208,95,4.38,-7.72,297.33,1.0
clyde river,1,US,1579758208,68,41.3,-82.98,273.71,4.1
pringsewu,4,ID,1579758209,59,-5.36,104.97,304.37,2.17
kalmunai,99,LK,1579758209,78,7.42,81.82,301.12,8.45
bilma,12,NE,1579758209,24,18.69,12.92,286.82,4.24
necochea,0,AR,1579758209,98,-38.55,-58.74,292.59,2.68
ukiah,1,US,1579758210,93,39.15,-123.21,282.04,1.03
provideniya,0,RU,1579758210,70,64.38,-173.3,253.15,2.0
moctezuma,53,MX,1579758210,71,29.8,-109.67,283.46,0.85
vardo,20,NO,1579758210,72,70.37,31.11,265.15,6.7
ongandjera,99,NA,1579758211,37,-17.88,15.07,297.65,2.1
karratha,0,AU,1579758211,75,-20.74,116.85,301.96,7.42
saskylakh,0,RU,1579758211,90,71.92,114.08,234.01,4.46
buraydah,0,SA,1579758211,52,26.33,43.98,276.15,1.0
yantzaza,72,EC,1579758211,92,-3.83,-78.76,287.19,2.54
denpasar,40,ID,1579758043,75,-8.65,115.22,305.15,4.1
puerto ayora,40,ES,1579758212,93,36.59,-6.23,284.15,4.1
thompson,20,CA,1579758212,76,55.74,-97.86,250.15,1.0
esperance,90,AU,1579758212,52,-33.87,121.9,294.15,7.7
bambanglipuro,31,ID,1579758213,65,-7.95,110.28,303.6,3.49
gao,89,ML,1579758213,11,16.64,1.64,294.33,5.2
severo-kurilsk,98,RU,1579758213,91,50.68,156.12,263.86,2.99
welby,90,US,1579758214,32,39.84,-104.96,277.04,7.7
chokurdakh,100,RU,1579758214,97,70.63,147.92,242.9,4.08
hammerfest,40,NO,1579758214,73,70.66,23.68,266.15,1.5
kelc,90,CZ,1579758214,92,49.48,17.82,274.26,2.6
jishou,98,CN,1579758215,87,28.32,109.72,279.79,1.92
ostrovnoy,100,RU,1579758215,84,68.05,39.51,269.28,8.51
redmond,90,US,1579758115,87,47.67,-122.12,283.15,1.5
vilhena,100,BR,1579757973,96,-12.74,-60.15,295.15,1.45
tarazona,75,ES,1579758216,93,41.9,-1.73,279.15,2.1
traverse city,0,IT,1579758216,74,44.94,7.12,277.04,2.1
dauphin,90,CA,1579758217,92,51.15,-100.05,263.15,2.1
shetpe,53,KZ,1579758217,86,44.17,52.12,276.43,3.86
tynda,100,RU,1579758217,90,55.17,124.72,250.06,3.49
calama,90,CL,1579758217,93,-22.47,-68.93,286.15,4.6
san quintin,100,ML,1579758217,22,13.3,-4.9,297.77,3.93
kamenka,97,RU,1579758218,92,51.32,42.77,272.04,2.68
luba,20,GQ,1579758218,88,3.46,8.55,299.15,1.5
axim,98,GH,1579758218,94,4.87,-2.24,297.89,0.92
mountain home,82,CO,1579758015,75,13.37,-81.37,298.39,9.21
sturgeon falls,75,US,1579758219,68,40.38,-80.21,271.48,1.39
beian,75,NO,1579758219,81,63.66,9.57,281.15,18.5
san pedro,100,ML,1579758154,22,13.3,-4.9,297.77,3.93
hofn,84,IS,1579758219,63,64.25,-15.21,275.78,21.46
upernavik,100,GL,1579758220,93,72.79,-56.15,254.55,3.48
manta,90,EC,1579758220,83,-0.95,-80.73,299.15,3.6
riyadh,75,SA,1579758200,39,24.69,46.72,283.15,3.6
coquimbo,41,CL,1579758220,93,-29.95,-71.34,289.15,2.6
phonhong,60,LA,1579758221,48,18.5,102.42,304.15,1.0
caravelas,100,BR,1579758221,88,-17.71,-39.25,298.2,11.13
lincoln,90,US,1579758114,100,40.8,-96.67,274.82,1.52
nuuk,100,GL,1579758221,85,64.18,-51.72,265.15,7.7
port elizabeth,100,CD,1579758222,68,-7.03,29.76,298.42,2.69
souillac,75,MU,1579758222,94,-20.52,57.52,301.48,1.5
leningradskiy,53,RU,1579758222,86,69.38,178.42,243.19,2.04
kodiak,1,US,1579758222,49,57.79,-152.41,268.15,4.6
sidi ali,100,CF,1579758223,23,5.08,19.88,293.34,1.67
nuevo progreso,1,US,1579758223,93,33.8,-117.15,287.15,1.54
sakaiminato,75,JP,1579758223,100,35.55,133.23,285.15,2.1
suez,0,EG,1579758224,69,29.97,32.53,282.56,0.86
port antonio,100,CD,1579758224,68,-7.03,29.76,298.42,2.69
tuatapere,31,NZ,1579758224,78,-46.13,167.68,289.82,5.36
katsuura,75,JP,1579758225,93,35.13,140.3,280.37,2.1
makakilo city,1,US,1579758225,77,21.35,-158.09,297.15,0.88
portland,90,US,1579757947,93,45.52,-122.68,284.82,5.1
mishkino,66,RU,1579758225,83,55.34,63.92,267.91,7.08
cordoba,17,AR,1579758037,93,-31.41,-64.18,296.48,2.1
kerouane,90,GN,1579758226,50,9.27,-9.02,295.22,1.28
obidos,83,BR,1579758226,75,-1.92,-55.52,298.13,2.04
dzaoudzi,100,YT,1579758226,83,-12.79,45.27,302.15,6.2
bengkulu,87,ID,1579758227,76,-3.8,102.27,302.41,2.99
champerico,3,GT,1579758227,90,14.3,-91.92,295.51,1.76
half moon bay,40,LR,1579758227,94,6.38,-10.7,296.15,2.1
destin,1,US,1579757962,50,30.39,-86.5,284.15,5.1
gonzales,90,US,1579758228,93,30.24,-90.92,284.15,3.1
ambilobe,99,MG,1579758228,87,-13.2,49.05,300.59,5.62
vila velha,61,PT,1579758230,70,42.03,-8.16,283.71,1.5
bethanien,0,NA,1579758230,40,-26.5,17.16,290.61,1.43
srednekolymsk,42,RU,1579758230,96,67.45,153.68,235.78,3.25
marystown,58,CA,1579758230,62,47.17,-55.15,266.07,4.37
grand gaube,90,US,1579758231,100,38.88,-109.5,273.15,2.1
wladyslawowo,0,PL,1579758231,86,54.79,18.4,275.37,3.1
saravan,40,AM,1579758231,79,39.72,45.65,268.15,3.1
kavaratti,41,IN,1579758231,73,10.57,72.64,301.45,4.32
jalu,0,LY,1579758231,70,29.03,21.55,282.4,2.47
quinta do anjo,0,BR,1579758232,90,-32.08,-52.26,291.93,2.28
hami,51,CN,1579758232,77,42.8,93.45,264.02,0.95
bukachacha,0,RU,1579758232,58,52.98,116.92,253.45,2.23
ouesso,72,CG,1579758232,34,1.61,16.05,294.15,0.91
constitucion,66,CL,1579758233,95,-35.33,-72.42,287.08,2.21
teguldet,99,RU,1579758234,90,57.31,88.17,264.65,4.51
pundaguitan,100,PH,1579758234,72,6.37,126.17,300.67,1.98
waspan,56,NI,1579758234,92,14.74,-83.97,293.52,1.18
aljezur,75,PT,1579758235,95,37.32,-8.8,283.15,1.34
iqaluit,90,CA,1579758235,75,63.75,-68.51,247.59,1.5
borogontsy,96,RU,1579758235,95,62.67,131.17,241.56,1.27
hay river,100,GB,1579758235,98,52.07,-3.13,279.82,0.87
kailua,20,US,1579758236,69,21.4,-157.74,297.15,1.5
tamandare,100,BR,1579758237,82,-8.76,-35.1,300.69,6.46
altay,99,CN,1579758237,84,47.87,88.12,262.28,1.14
mingshui,32,CN,1579758237,69,36.72,117.5,282.04,3.43
matagami,90,CA,1579758238,86,49.75,-77.63,271.15,5.7
sioux lookout,90,US,1579758238,99,42.73,-96.23,273.15,1.5
raudeberg,75,NO,1579758238,100,61.99,5.14,281.15,8.7
camopi,5,GF,1579758239,97,3.17,-52.32,292.15,1.27
wangqing,93,CN,1579758239,86,43.32,129.76,270.2,5.13
san luis obispo,100,ML,1579758217,22,13.3,-4.9,297.77,3.93
high level,90,US,1579758240,100,33.61,-95.75,278.15,3.6
brooks,0,CA,1579758240,77,50.58,-111.89,266.48,1.34
mopti,100,ML,1579758240,16,14.67,-4.0,300.53,6.54
poum,24,NC,1579758240,74,-20.23,164.02,299.48,5.45
tanout,66,NE,1579758241,19,14.97,8.89,288.53,6.53
geraldton,0,AU,1579758241,48,-28.77,114.6,301.15,10.8
maun,48,BW,1579758242,50,-19.98,23.42,299.15,3.1
goderich,100,CA,1579758242,82,43.75,-81.72,270.93,3.58
sorong,4,ID,1579758243,57,-0.88,131.25,303.76,3.08
mehamn,75,NO,1579758243,63,71.04,27.85,270.15,6.7
paramonga,98,PE,1579758243,84,-10.67,-77.83,295.11,1.76
grandview,90,US,1579758244,100,38.89,-94.53,275.15,4.78
ulladulla,100,AU,1579758244,16,-35.35,150.47,312.15,7.2
kisangani,100,CD,1579758245,58,0.52,25.2,296.33,0.91
bereda,31,ES,1579758245,100,43.27,-7.54,283.71,1.0
bom jesus,100,ML,1579758245,24,14.95,-2.93,294.15,1.9
abatskoye,100,RU,1579758245,89,56.29,70.46,270.74,7.97
naze,75,JP,1579758246,73,28.37,129.48,297.15,7.7
eagle,90,US,1579758130,100,43.7,-116.35,278.15,2.1
kochki,100,RU,1579758247,88,54.34,80.48,266.5,9.55
ribeira grande,89,ES,1579758247,100,42.75,-8.44,281.15,2.6
taybad,99,IR,1579758247,65,34.74,60.78,281.5,13.49
lufilufi,100,WS,1579758247,84,-13.87,-171.6,299.93,5.45
luancheng,0,CN,1579758248,52,37.88,114.65,278.15,1.0
puerto escondido,40,ES,1579758195,93,36.59,-6.23,284.15,4.1
hurghada,0,EG,1579758249,62,27.26,33.81,284.15,4.6
moree,40,AU,1579758250,61,-29.47,149.85,300.15,9.3
gannan,0,CN,1579758250,64,47.91,123.5,261.46,5.99
saint-joseph,90,RE,1579758250,88,-21.37,55.62,301.15,3.21
sitka,90,US,1579758250,75,57.05,-135.33,279.15,1.5
acapulco,75,MX,1579758250,78,16.86,-99.89,300.15,1.5
omsukchan,100,RU,1579758251,100,62.53,155.8,236.25,1.62
forestville,1,US,1579758251,92,38.85,-76.88,271.48,0.74
ypsonas,40,CY,1579758251,87,34.69,32.96,287.15,1.5
kamyshlov,100,RU,1579758251,92,56.84,62.71,269.33,5.74
andenes,75,NO,1579758252,86,69.31,16.12,274.15,10.3
cap malheureux,0,FR,1579758252,93,49.27,-1.21,276.48,4.1
nara,75,JP,1579758252,87,34.69,135.8,285.15,1.5
vanavara,100,RU,1579758252,95,60.34,102.28,251.21,3.3
namibe,100,AO,1579758252,74,-15.2,12.15,296.84,4.7
kapit,44,MY,1579758253,49,2.02,112.93,308.0,0.08
umea,24,SE,1579758253,92,63.83,20.26,270.37,2.1
sao jose da coroa grande,70,IN,1579758170,39,20.51,76.21,299.26,1.66
klaksvik,83,FO,1579758253,70,62.23,-6.59,280.15,10.3
taian,49,CN,1579758254,69,36.19,117.12,282.04,1.69
dingle,30,PH,1579758254,71,11.0,122.67,300.51,5.71
paris,20,FR,1579757705,92,48.85,2.35,273.71,4.1
pasighat,99,IN,1579758256,50,28.07,95.33,292.71,1.62
brasileia,98,BR,1579758256,96,-11.02,-68.75,296.79,2.13
oktyabrskiy,100,RU,1579758256,95,54.48,53.47,265.08,3.58
barbastro,90,ES,1579758257,100,42.04,0.13,279.26,3.6
ahipara,0,NZ,1579758257,75,-35.17,173.17,292.71,5.62
ginda,0,IN,1579758258,21,30.69,78.49,285.81,1.33
valdivia,14,CL,1579758258,88,-39.81,-73.25,285.48,2.0
saint-louis,87,SN,1579758258,17,16.33,-15.0,294.87,3.44
faanui,40,PF,1579758259,75,-16.48,-151.75,301.15,4.84
tabou,100,CI,1579758259,95,4.42,-7.35,297.33,1.0
araouane,95,ML,1579758259,22,18.9,-3.53,294.35,4.69
talnakh,75,RU,1579758259,84,69.49,88.4,254.15,9.0
ludvika,53,SE,1579758259,74,60.15,15.19,273.15,4.1
soldato-aleksandrovskoye,100,RU,1579758260,64,44.27,43.76,277.15,3.0
tromso,75,NO,1579758025,79,69.65,18.96,270.15,1.5
yayva,100,RU,1579758260,98,59.33,57.26,267.59,0.89
port-gentil,40,GA,1579758261,94,-0.72,8.78,300.15,1.0
yulara,45,AU,1579758261,17,-25.24,130.99,308.15,4.6
oliveira dos brejinhos,100,BR,1579758261,97,-20.7,-44.83,291.75,2.15
mochudi,21,BW,1579758261,88,-24.42,26.15,294.15,4.1
george town,75,ZA,1579758262,100,-33.96,22.46,289.15,3.1
aswan,0,EG,1579758262,60,24.09,32.91,279.15,2.6
washington,90,US,1579758261,97,47.5,-120.5,274.26,1.37
portage,1,US,1579758262,54,41.17,-81.2,273.15,2.48
sucua,98,EC,1579758262,98,-2.47,-78.17,290.91,0.7
mallaig,40,CA,1579758263,98,54.22,-111.37,262.49,1.0
elat,1,IL,1579758263,63,29.56,34.95,282.49,1.72
jieshi,15,CN,1579758263,68,22.81,115.83,299.26,4.61
florianopolis,75,BR,1579758123,94,-27.61,-48.5,294.82,2.1
griffith,90,US,1579758264,59,41.53,-87.42,275.15,4.6
sanming,99,CN,1579758264,52,26.25,117.62,296.35,3.56
at-bashi,79,KG,1579758264,67,41.17,75.81,257.35,0.88
krasnyy chikoy,94,RU,1579758265,75,54.57,31.43,270.75,6.97
ibimirim,100,BR,1579758265,84,-8.54,-37.69,296.33,0.3
egvekinot,15,RU,1579758265,99,66.32,-179.17,242.19,0.42
port lincoln,100,CD,1579758224,68,-7.03,29.76,298.42,2.69
sukhumi,100,GE,1579758265,95,43.0,41.02,275.5,1.9
piacabucu,100,BR,1579758266,86,-10.41,-36.43,299.4,3.05
bodden town,90,GB,1579758266,93,51.2,-2.52,280.15,2.6
lata,75,PT,1579758267,93,40.16,-8.33,282.59,2.1
marawi,90,PH,1579758267,79,8.0,124.29,301.48,3.13
taunggyi,0,MM,1579758267,18,20.78,97.03,299.36,3.6
richards bay,75,US,1579758267,85,46.84,-95.91,271.15,3.6
ranong,40,TH,1579758267,59,9.97,98.63,306.15,4.1
havoysund,40,NO,1579758268,73,71.0,24.66,270.15,1.5
troitsko-pechorsk,98,RU,1579758268,95,62.71,56.2,262.13,2.31
broome,1,US,1579758268,53,42.25,-75.83,270.15,3.6
belen,20,TR,1579758269,63,36.49,36.22,278.15,2.6
araripe,100,BR,1579758269,95,-7.21,-40.05,293.51,1.01
labuhan,3,ID,1579758269,58,-6.88,112.21,305.3,2.44
honiara,20,SB,1579758269,70,-9.43,159.95,305.15,2.6
oranjemund,0,NA,1579758270,69,-28.55,16.43,292.67,1.58
udachnyy,11,RU,1579758270,65,66.42,112.4,236.15,1.0
viedma,26,AR,1579758270,49,-40.81,-63.0,296.58,8.2
kodinsk,0,RU,1579758271,88,58.69,99.18,253.6,1.85
miraflores,5,MX,1579758271,54,19.22,-98.81,288.15,1.5
hobyo,61,SO,1579758271,69,5.35,48.53,301.1,9.21
humaita,100,BR,1579758271,97,-7.51,-63.02,296.48,0.78
klyuchi,100,RU,1579758271,91,52.27,79.17,269.04,10.51
narsaq,72,GL,1579758272,66,60.92,-46.05,262.15,2.6
pangoa,100,PE,1579758272,98,-12.12,-73.0,293.52,0.84
birjand,90,IR,1579758272,70,32.87,59.22,280.15,7.2
waingapu,3,ID,1579758273,75,-9.66,120.26,301.91,5.67
barcelos,68,PT,1579758070,62,41.54,-8.62,284.15,3.1
boguchany,12,RU,1579758273,88,58.38,97.45,254.03,1.18
mount gambier,75,GB,1579758274,100,53.66,-1.85,280.37,3.1
voznesenye,100,RU,1579758276,74,61.01,35.48,267.82,7.07
lasa,5,IT,1579758276,63,46.62,10.7,274.26,2.6
sistranda,75,NO,1579758276,81,63.73,8.83,281.15,18.5
lasem,0,ID,1579758277,66,-6.69,111.45,302.23,1.85
montrose,90,US,1579758143,97,38.42,-108.27,274.15,3.1
omboue,81,GA,1579758277,95,-1.57,9.26,297.68,0.27
esik,90,KZ,1579758277,92,43.36,77.45,269.15,1.0
verkhnyaya inta,100,RU,1579758277,83,60.98,40.21,265.22,5.42
iskateley,100,RU,1579758278,93,67.68,53.15,262.37,6.4
trairi,85,BR,1579758278,92,-3.28,-39.27,296.65,1.26
pisco,90,PE,1579758278,83,-13.7,-76.22,297.15,1.5
kondinskoye,100,RU,1579758279,94,59.65,67.41,267.06,5.07
gornopravdinsk,100,RU,1579758279,92,60.05,69.9,266.96,4.98
darhan,0,MN,1579758279,80,49.49,105.92,256.49,1.75
anadyr,10,RU,1579758279,67,64.75,177.48,241.48,3.0
fredericton,1,CA,1579758112,84,45.95,-66.67,267.15,2.22
port blair,100,CD,1579758224,68,-7.03,29.76,298.42,2.69
novotroitskaya,75,RU,1579758281,95,45.33,41.53,273.15,9.0
parainen,20,FI,1579758281,100,60.3,22.3,274.26,2.6
cairns,87,AU,1579758281,74,-16.92,145.77,304.15,3.6
zeya,100,RU,1579758281,95,53.75,127.27,251.29,0.71
maarianhamina,10,AX,1579758282,69,60.1,19.93,273.15,3.1
uddevalla,75,SE,1579758282,92,58.35,11.94,279.82,3.1
amuntai,0,ID,1579758282,42,-2.42,115.25,306.97,2.37
yerbogachen,100,RU,1579758283,95,61.28,108.01,247.89,2.86
port hardy,100,CD,1579758185,68,-7.03,29.76,298.42,2.69
hearst,100,CA,1579758283,89,49.68,-83.67,268.4,2.43
sobolevo,92,RU,1579758283,76,54.43,31.9,270.44,7.04
chernoyerkovskaya,75,RU,1579758283,93,45.43,37.77,275.15,5.0
dom pedrito,96,GH,1579758284,94,5.65,-0.24,300.15,3.1
canutama,97,BR,1579758284,99,-6.53,-64.38,296.22,0.5
boma,34,GH,1579758284,94,7.08,-2.17,294.16,0.18
kenai,90,US,1579758285,85,60.55,-151.26,263.15,2.51
ingham,1,US,1579758285,68,42.6,-84.38,272.59,2.1
gorom-gorom,100,BF,1579758286,15,14.44,-0.24,295.11,5.09
hirado,75,JP,1579758286,87,33.36,129.55,291.48,3.1
dutse,2,NG,1579758286,22,11.76,9.34,287.43,4.72
kantunilkin,40,MX,1579758287,82,21.09,-87.45,289.15,2.1
hambantota,40,LK,1579758287,94,6.12,81.12,301.15,7.2
vila do maio,61,PT,1579758287,70,42.03,-8.16,283.71,1.5
caceres,100,ES,1579758288,93,39.52,-6.37,279.82,3.13
loikaw,29,MM,1579758288,17,19.67,97.21,299.02,3.84
aquiraz,75,BR,1579758288,78,-3.9,-38.39,301.15,4.1
sigli,53,ID,1579758288,78,5.38,95.96,300.67,4.8
liverpool,90,GB,1579758288,100,53.41,-2.98,280.37,1.5
saryozek,52,KZ,1579758289,79,44.36,77.98,270.21,2.43
eucaliptus,90,BO,1579758289,81,-17.58,-67.52,281.54,3.45
kenora,90,CA,1579758289,85,49.82,-94.43,269.15,3.1
port hedland,100,CD,1579758222,68,-7.03,29.76,298.42,2.69
roma,1,US,1579757740,92,43.21,-75.46,269.82,1.5
naryan-mar,100,RU,1579758290,93,67.67,53.09,262.37,6.4
bathsheba,40,BB,1579758290,74,13.22,-59.52,299.15,6.7
dalby,75,AU,1579758290,58,-27.18,151.27,306.48,4.1
vegreville,67,CA,1579758290,95,53.5,-112.05,263.6,0.67
bhera,0,PK,1579758291,34,32.48,72.91,289.39,5.72
orsha,90,BY,1579758291,74,54.52,30.41,271.15,7.0
caranavi,100,BO,1579758291,96,-15.82,-67.55,290.03,1.56
semey,40,KZ,1579758291,85,50.41,80.23,268.15,11.0
sisimiut,100,GL,1579758292,92,66.94,-53.67,260.48,8.65
strezhevoy,90,RU,1579758292,85,60.73,77.59,265.15,6.0
dubbo,90,AU,1579758292,14,-32.25,148.62,313.15,10.8
zhigansk,100,RU,1579758294,91,66.77,123.37,240.08,2.57
kijang,90,KR,1579758294,87,35.24,129.21,282.15,3.1
pacific grove,75,US,1579758294,93,38.48,-90.74,273.71,3.1
wanlaweyn,20,SO,1579758295,53,2.62,44.89,303.46,8.16
estepa,20,ES,1579758295,87,37.29,-4.88,282.59,3.6
gizo,36,SB,1579758295,71,-8.1,156.84,300.02,3.24
meadow lake,100,US,1579758296,86,45.53,-102.22,274.15,4.6
de-kastri,53,RU,1579758297,92,51.47,140.78,257.84,2.97
mana,77,GF,1579758297,96,5.66,-53.78,293.31,1.13
beloha,30,MG,1579758297,58,-25.17,45.05,300.34,6.07
chuguyevka,52,RU,1579758298,94,44.17,133.86,271.17,3.41
lorengau,6,PG,1579758298,74,-2.02,147.27,301.61,6.11
kahului,20,US,1579758268,68,20.89,-156.47,295.15,3.1
paragominas,96,BR,1579758298,98,-2.97,-47.48,295.96,1.01
colac,84,AU,1579758299,68,-38.33,143.58,292.04,4.61
saskatoon,75,CA,1579758297,92,52.12,-106.63,268.71,4.6
kharan,70,PK,1579758299,39,28.58,65.42,288.85,0.56
sherbakul,75,RU,1579758299,86,54.63,72.4,271.15,8.0
villa carlos paz,0,IT,1579758299,60,46.2,10.13,275.93,1.89
kismayo,100,SO,1579758173,79,-0.36,42.55,301.02,9.13
oranjestad,20,AW,1579758300,88,12.52,-70.03,298.15,2.6
marau,85,BR,1579758300,91,-28.45,-52.2,288.27,2.52
usukhchay,0,RU,1579758300,86,41.42,47.91,270.15,3.93
utrera,75,ES,1579758301,93,37.19,-5.78,284.15,3.1
emba,100,KZ,1579758301,96,48.83,58.14,272.66,8.62
port augusta,100,CD,1579758222,68,-7.03,29.76,298.42,2.69
kargil,99,IN,1579758301,84,34.57,76.1,251.59,1.42
chumikan,35,RU,1579758301,84,54.72,135.31,254.4,0.41
bontang,0,ID,1579758302,66,0.13,117.5,302.48,6.11
bosaso,60,SO,1579758302,78,11.28,49.18,296.15,1.5
kouqian,100,CN,1579758302,91,43.64,126.46,263.95,3.77
bubaque,99,GW,1579758303,53,11.28,-15.83,298.37,4.66
dalen,90,NL,1579758304,93,52.7,6.76,278.15,1.5
chapais,90,CA,1579758304,92,49.78,-74.85,271.15,5.7
husavik,90,IS,1579758304,82,66.04,-17.34,273.15,22.6
eidsvag,75,NO,1579758304,66,62.78,8.07,282.15,20.6
cayenne,84,GF,1579758184,100,4.93,-52.33,293.15,1.8
ilave,100,PE,1579758305,87,-16.08,-69.67,281.45,3.94
aklavik,90,CA,1579758305,75,68.22,-135.01,247.15,2.46
shimoda,75,JP,1579758305,100,34.67,138.95,284.15,3.1
porto nacional,55,PT,1579758305,62,41.15,-8.61,284.15,3.1
wharton,90,US,1579758306,93,29.31,-96.1,290.93,2.52
porto novo,55,PT,1579758306,62,41.15,-8.61,284.15,3.1
port keats,100,CD,1579758224,68,-7.03,29.76,298.42,2.69
flin flon,90,FR,1579758306,92,48.5,6.66,271.15,5.1
port macquarie,100,CD,1579758185,68,-7.03,29.76,298.42,2.69
port hawkesbury,100,CD,1579758224,68,-7.03,29.76,298.42,2.69
landerneau,1,FR,1579758031,86,48.45,-4.25,277.15,4.6
kungurtug,94,RU,1579758307,75,50.6,97.52,260.05,0.76
praia da vitoria,65,CV,1579758308,77,14.92,-23.51,294.15,5.7
santa comba,0,PH,1579758308,55,17.49,120.43,300.39,3.45
amparafaravola,100,MG,1579758308,97,-17.58,48.22,292.51,5.28
cervo,31,ES,1579758308,1,43.67,-7.41,283.71,0.19
winnemucca,75,US,1579758175,74,40.97,-117.74,275.15,2.21
gushikawa,20,JP,1579758309,69,26.35,127.87,297.15,5.7
bac can,0,RS,1579758309,92,45.39,19.24,271.48,3.1
severo-yeniseyskiy,0,RU,1579758310,90,60.37,93.04,257.28,1.87
tautira,20,PF,1579758310,74,-17.73,-149.15,302.15,5.1
bendigo,77,AU,1579758310,42,-36.77,144.28,295.37,3.13
ketchikan,90,US,1579758310,93,55.34,-131.65,279.15,10.3
ishinomaki,75,JP,1579758310,75,38.42,141.3,279.15,1.5
gualeguay,0,AR,1579758311,77,-33.14,-59.31,294.53,3.53
hailar,0,CN,1579758311,84,49.2,119.7,252.61,6.79
